{"cameraMode":{"drawMode":0,"name":"Shaded","section":"Shading Mode"},"sceneLighting":true,"audioPlay":false,"sceneViewState":{"showFog":true,"showMaterialUpdate":true,"showSkybox":true,"showFlares":true,"showImageEffects":true,"showParticleSystems":true},"in2DMode":false,"pivot":{"x":5.3436279296875,"y":15.5269136428833,"z":-7.232652187347412},"rotation":{"x":-0.06983233988285065,"y":0.8966982364654541,"z":-0.4095061421394348,"w":-0.15289579331874848},"size":33.62476348876953,"orthographic":true}