{"cameraMode":{"drawMode":0,"name":"Shaded","section":"Shading Mode"},"sceneLighting":false,"audioPlay":false,"sceneViewState":{"showFog":true,"showMaterialUpdate":true,"showSkybox":false,"showFlares":true,"showImageEffects":true,"showParticleSystems":true},"in2DMode":false,"pivot":{"x":0.0,"y":0.4999980926513672,"z":0.000030517578125},"rotation":{"x":-0.25064125657081606,"y":-0.2422066330909729,"z":0.06495565921068192,"w":-0.9350679516792297},"size":14.641340255737305,"orthographic":true}