{"cameraMode":{"drawMode":0,"name":"Shaded","section":"Shading Mode"},"sceneLighting":true,"audioPlay":false,"sceneViewState":{"showFog":true,"showMaterialUpdate":true,"showSkybox":true,"showFlares":true,"showImageEffects":true,"showParticleSystems":true},"in2DMode":false,"pivot":{"x":-8.482392311096192,"y":4.62529182434082,"z":19.030603408813478},"rotation":{"x":-0.4431432783603668,"y":0.05109483748674393,"z":-0.02528153918683529,"w":-0.894656240940094},"size":60.209774017333987,"orthographic":true}