{"cameraMode":{"drawMode":0,"name":"Shaded","section":"Shading Mode"},"sceneLighting":true,"audioPlay":false,"sceneViewState":{"showFog":true,"showMaterialUpdate":true,"showSkybox":true,"showFlares":true,"showImageEffects":true,"showParticleSystems":true},"in2DMode":false,"pivot":{"x":2.546379804611206,"y":-0.0007270367350429297,"z":0.8256828784942627},"rotation":{"x":-0.38517752289772036,"y":0.005575245246291161,"z":-0.002315144520252943,"w":-0.9228482842445374},"size":31.367746353149415,"orthographic":true}