{"cameraMode":{"drawMode":0,"name":"Shaded","section":"Shading Mode"},"sceneLighting":true,"audioPlay":false,"sceneViewState":{"showFog":true,"showMaterialUpdate":true,"showSkybox":true,"showFlares":true,"showImageEffects":true,"showParticleSystems":true},"in2DMode":false,"pivot":{"x":-0.7549563646316528,"y":0.8779380917549133,"z":8.223489761352539},"rotation":{"x":-0.40858039259910586,"y":0.0055127437226474289,"z":-0.002458496717736125,"w":-0.9127241373062134},"size":39.70218276977539,"orthographic":true}