{"cameraMode":{"drawMode":0,"name":"Shaded","section":"Shading Mode"},"sceneLighting":true,"audioPlay":false,"sceneViewState":{"showFog":true,"showMaterialUpdate":true,"showSkybox":true,"showFlares":true,"showImageEffects":true,"showParticleSystems":true},"in2DMode":false,"pivot":{"x":-0.7549563050270081,"y":1.3779380321502686,"z":8.223489761352539},"rotation":{"x":-0.49833136796951296,"y":0.44349679350852969,"z":-0.3311588764190674,"w":-0.6673537492752075},"size":49.637088775634769,"orthographic":true}