{"cameraMode":{"drawMode":0,"name":"Shaded","section":"Shading Mode"},"sceneLighting":true,"audioPlay":false,"sceneViewState":{"showFog":true,"showMaterialUpdate":true,"showSkybox":true,"showFlares":true,"showImageEffects":true,"showParticleSystems":true},"in2DMode":false,"pivot":{"x":-2.201216220855713,"y":8.456570625305176,"z":4.065629005432129},"rotation":{"x":0.2940337657928467,"y":0.656388521194458,"z":-0.31054264307022097,"w":0.6215134859085083},"size":43.091190338134769,"orthographic":true}